building_name;Number;URL
La Fabrica;0;https://drive.google.com/file/d/1IvpdE4rgI4DbkQFMNpdfJt0y2y3utIJa/view?usp=sharing
La Nau;1;https://drive.google.com/file/d/1zqu099o3PRv5ESyFFof-JT8AGFZ3dc4n/view?usp=sharing
Roc Boronat;2;https://drive.google.com/file/d/1HM538_RC48DCI-tJKkUGz6r59Tfg2kCS/view?usp=sharing
Auditorium;3;https://drive.google.com/file/d/1dZf_HgwIjtHSHFUww4d4SN6pvn3r6V6C/view?usp=sharing
Tallers;4;https://drive.google.com/file/d/1VorF9L2WKZYj6oY8AfLvp5NWrU_qjQ7i/view?usp=sharing
Tanger;5;https://drive.google.com/file/d/1U16xc1J17cHw7CuwoDbjGNEPq_RygAVe/view?usp=sharing
Restaurant;6;https://drive.google.com/file/d/14OhBuG4bB6P1mlrkflk_hQvOY3h2pwa9/view?usp=sharing
Cafeteria;7;https://drive.google.com/file/d/1W7oP4vtpR-xJzYIky53qMWwiXCNa_QOI/view?usp=sharing
Bar;8;https://drive.google.com/file/d/1YC9RHI4041e2yJlIEUueMXWBPY8io9vk/view?usp=sharing
Sala Aranyo;9;https://drive.google.com/file/d/1UIPuozdilhcGAAhoDwXs3BCIpDmDnko6/view?usp=sharing
Secretaria;10;https://drive.google.com/file/d/1WMClcKFAP3vkZdrBMxN8rb3TFilr1xkS/view?usp=sharing
first;;https://drive.google.com/file/d/1rr1D9ka7_eqH0UCbNetQrDc7uuMPSk2F/view?usp=sharing
second;;https://drive.google.com/file/d/1fhufJ1qUWeeKMLvmy25iD6283wtMw74P/view?usp=sharing
third;;https://drive.google.com/file/d/1Za1SD1bIi9tAFbitNwN6zYH2_qI8Cd5_/view?usp=sharing
fourth;;https://drive.google.com/file/d/1Peu7M0vOpnVK2gufkAUhqKYIL9qRcKDw/view?usp=sharing
Meeting Room;;https://drive.google.com/file/d/10vyc2BKfEDuBciZzvAX_IY-PLu1KN-ay/view?usp=sharing
Conference Room;;https://drive.google.com/file/d/1s4ueQm2xQjytijAnyT2I-Jd_ajGEl7cF/view?usp=sharing
Seminars Room;;https://drive.google.com/file/d/1r8aBMC99n4l_AI5f3lraVv4VVsoiiarg/view?usp=sharing
fisrt basement level;;https://drive.google.com/file/d/19rqIdQYjuZGktyczwP-kfOg0NQ1RsYEq/view?usp=sharing
second basement level;;https://drive.google.com/file/d/1CXBeMxs8wsd-uLHlS__oXiRaJDCbSEl4/view?usp=sharing
minus one;;https://drive.google.com/file/d/19rqIdQYjuZGktyczwP-kfOg0NQ1RsYEq/view?usp=sharing
minus two;;https://drive.google.com/file/d/1CXBeMxs8wsd-uLHlS__oXiRaJDCbSEl4/view?usp=sharing
